Mildred,Ramirez,6 Blackbird Drive,Lexington,KY,40515
Ralph,Hawkins,8 1st Plaza,Washington,DC,20580
Albert,Barnes,959 Continental Place,Washington,DC,20436
Ruby,Burns,7821 Straubel Center,Fort Worth,TX,76110
Todd,Day,34 Annamark Road,Louisville,KY,40210
Robert,Alvarez,3 Burrows Center,New York City,NY,10170
David,Morales,638 Sachtjen Trail,New Haven,CT,06533
Charles,Carter,050 Grayhawk Drive,Gaithersburg,MD,20883
Martin,Cruz,66942 Texas Pass,Wilmington,DE,19810
Phillip,Oliver,64 Bonner Junction,Pasadena,TX,77505
Margaret,Turner,754 Carey Parkway,Erie,PA,16550
Jeremy,Oliver,07412 Charing Cross Junction,Austin,TX,78744
Jeffrey,Johnston,3960 Hoffman Terrace,Charleston,WV,25331
Michael,Hawkins,9 Clyde Gallagher Alley,West Hartford,CT,06127
Phyllis,Owens,134 Farwell Park,New Orleans,LA,70124
John,Watson,54714 Linden Street,Portland,OR,97211
Roy,Powell,9064 Sutherland Court,Sacramento,CA,94207
Carolyn,Garcia,942 Eagan Center,San Diego,CA,92191
Dennis,Mason,71 Delladonna Place,Raleigh,NC,27626
Jeffrey,Hart,334 Tennyson Alley,Omaha,NE,68110
Howard,Sullivan,8915 Northwestern Junction,Brockton,MA,02305
Louise,Garza,568 Kim Alley,Los Angeles,CA,90081
Mary,Howell,85835 Harbort Junction,New Brunswick,NJ,08922
Nicole,Simmons,971 Katie Way,Washington,DC,20409
Carol,Boyd,477 Forest Run Drive,Naperville,IL,60567
Maria,Howard,28206 Messerschmidt Hill,New York City,NY,10280
Lawrence,Stone,40666 Hagan Plaza,Kansas City,MO,64160
Gary,Jones,936 Melvin Parkway,Tucson,AZ,85754
Todd,Andrews,85 Stone Corner Center,Minneapolis,MN,55458
Rose,Bryant,72 Northland Center,Memphis,TN,38188
Phyllis,Mills,5 Maple Wood Court,Washington,DC,20238
Virginia,Bell,4369 Pennsylvania Terrace,Pomona,CA,91797
Rebecca,Phillips,92166 Green Place,Saginaw,MI,48609
Adam,Reynolds,8 Loeprich Pass,Tampa,FL,33615
Charles,Wright,2 Paget Lane,Evansville,IN,47737
Stephen,Williamson,028 Vermont Court,Los Angeles,CA,90076
Dennis,Bell,285 Harper Street,Albany,NY,12242
Joyce,Torres,7 Luster Park,Houston,TX,77212
Frances,Lawrence,3 Lerdahl Circle,College Station,TX,77844
Nicole,Williamson,252 Sheridan Junction,Vancouver,WA,98664
Justin,Graham,84757 Lawn Hill,Inglewood,CA,90398
Robin,Frazier,967 Gale Trail,Spokane,WA,99220
Dorothy,Lawrence,4 Everett Avenue,Billings,MT,59112
Bonnie,Kim,723 Westerfield Drive,Boston,MA,02298
Diane,Payne,11 Jay Trail,Phoenix,AZ,85015
Juan,Spencer,799 Atwood Terrace,Denver,CO,80270
Antonio,Robertson,12789 Anthes Drive,Alpharetta,GA,30022
Patricia,Ward,9 Fairview Drive,Saint Louis,MO,63116
Carolyn,Peterson,3 Reindahl Terrace,Huntsville,TX,77343
Jeremy,Wagner,29782 Farwell Plaza,Wichita,KS,67210
Martin,Robinson,52 Quincy Road,Fort Lauderdale,FL,33345
Linda,Matthews,3 Pepper Wood Hill,Modesto,CA,95354
Douglas,Jackson,9 Wayridge Way,Phoenix,AZ,85067
Shirley,Garcia,45 Forster Road,San Diego,CA,92145
Robert,Hart,6642 Utah Hill,Wichita,KS,67205
Phyllis,Pierce,8 Rigney Terrace,Des Moines,IA,50347
James,Mcdonald,37 Hintze Road,Memphis,TN,38150
Nancy,Mitchell,6084 Sutherland Street,Topeka,KS,66667
Julia,Schmidt,48 Mockingbird Street,Brockton,MA,02305
Jessica,Mcdonald,3516 Helena Parkway,Chicago,IL,60686
Harold,Rogers,3 Claremont Plaza,Fairbanks,AK,99790
Jimmy,Morgan,86 Armistice Plaza,Springfield,OH,45505
Sandra,Larson,96 Clyde Gallagher Point,Minneapolis,MN,55436
Jerry,Medina,75 Vidon Plaza,Brooklyn,NY,11254
Douglas,Wood,6639 Harper Road,Temple,TX,76505
Johnny,Burton,12426 Burrows Point,El Paso,TX,79977
Alan,Tucker,63924 Forest Crossing,Wichita,KS,67236
Kelly,Weaver,01694 La Follette Crossing,Seattle,WA,98158
Gerald,Chapman,66018 Dakota Pass,Santa Clara,CA,95054
Ryan,Gibson,346 Columbus Alley,Houston,TX,77276
Sarah,Campbell,7443 Messerschmidt Way,Columbus,OH,43226
Tina,Williamson,5 Blue Bill Park Center,Durham,NC,27710
Lawrence,Jones,96 Mcbride Avenue,Orlando,FL,32813
Janet,Andrews,9215 Fordem Parkway,Frankfort,KY,40618
Jimmy,Ford,264 Pine View Hill,Fairbanks,AK,99709
Rose,Chavez,85269 Luster Court,Buffalo,NY,14263
Catherine,Owens,18424 Pond Place,Madison,WI,53705
Harold,Hanson,1 Iowa Road,Fredericksburg,VA,22405
Harold,Spencer,831 Burning Wood Plaza,Indianapolis,IN,46226
Carl,West,060 Alpine Hill,North Las Vegas,NV,89087
Nicole,Kim,46198 Old Shore Avenue,Topeka,KS,66642
Barbara,Burke,5278 Banding Parkway,Chicago,IL,60614
Dennis,Alvarez,30 Hanson Circle,Miami,FL,33111
Emily,Washington,98696 Fisk Street,New York City,NY,10014
Samuel,Scott,56212 Coleman Drive,Grand Rapids,MI,49518
Howard,Oliver,0 Farmco Center,Marietta,GA,30061
Juan,Harvey,1848 Birchwood Place,Monticello,MN,55565
Anna,Simpson,33754 Arrowood Pass,Bakersfield,CA,93386
Norma,Cooper,7 Grayhawk Hill,Saint Paul,MN,55103
Jessica,James,915 Arkansas Junction,Miami,FL,33124
Betty,Armstrong,77209 Sunbrook Crossing,Savannah,GA,31405
Ryan,Meyer,922 Gina Terrace,Albany,NY,12222
Paul,Lynch,4 Cascade Place,Portland,OR,97286
Sarah,Dean,8 Texas Lane,Milwaukee,WI,53285
Albert,Flores,3 David Crossing,Lansing,MI,48912
Gerald,Hayes,8 Petterle Crossing,New York City,NY,10014
Albert,Franklin,40639 Fairfield Park,Peoria,IL,61651
Carolyn,Perez,0207 Lighthouse Bay Avenue,Carol Stream,IL,60351
Margaret,Butler,607 Vidon Court,Tampa,FL,33633
Rachel,Gonzales,02436 Oak Valley Drive,Miami Beach,FL,33141
Patrick,Foster,706 Reindahl Parkway,Minneapolis,MN,55458
Jesse,Kennedy,70179 Farragut Court,Inglewood,CA,90305
Janet,Torres,11095 Macpherson Road,Houston,TX,77276
Jason,King,19702 Farwell Pass,Charleston,WV,25331
Ernest,Pierce,67 Homewood Hill,El Paso,TX,79928
Antonio,Johnson,17549 Haas Terrace,Kansas City,KS,66112
Steve,Johnson,66138 Southridge Street,Oakland,CA,94605
George,Spencer,598 Susan Lane,Fullerton,CA,92835
Annie,Moreno,7 Roth Court,New York City,NY,10125
Douglas,Elliott,75769 Green Ridge Trail,Lincoln,NE,68510
Angela,Gordon,95590 Mifflin Junction,Jamaica,NY,11447
Alice,Davis,444 Dahle Hill,Memphis,TN,38197
Shawn,Ortiz,85426 Straubel Place,Kalamazoo,MI,49006
Benjamin,Alvarez,789 New Castle Street,Richmond,VA,23272
Katherine,Ramirez,55 Bowman Way,Kissimmee,FL,34745
Harold,Fisher,2742 Roth Street,San Bernardino,CA,92424
Virginia,Cooper,0760 Duke Lane,Hampton,VA,23668
Justin,Diaz,6 Upham Drive,Memphis,TN,38109
Maria,Rice,2 Cody Circle,Charleston,WV,25313
Mildred,Gomez,9097 Dakota Point,New York City,NY,10024
Steven,Harvey,35828 Pond Drive,Scranton,PA,18514
Philip,Snyder,51852 Dakota Alley,Omaha,NE,68144
Joseph,Williamson,945 Swallow Street,Santa Fe,NM,87505
James,Chapman,21 Granby Place,Vero Beach,FL,32969
Joshua,Hunter,57 Westend Lane,Farmington,MI,48335
Dorothy,Barnes,2 Red Cloud Plaza,San Diego,CA,92121
Jose,Fernandez,32 Rieder Hill,Gastonia,NC,28055
Brenda,Clark,33 Sullivan Crossing,Jamaica,NY,11499
Harold,Williamson,20 Buhler Avenue,Panama City,FL,32405
Todd,Adams,85 Clemons Place,Chula Vista,CA,91913
Lillian,Mills,3 Charing Cross Hill,Fort Pierce,FL,34981
Richard,Reid,15 Dottie Circle,Chicago,IL,60641
Deborah,Myers,23395 Amoth Alley,Huntington,WV,25711
Janice,Stanley,07183 Bartelt Park,Denver,CO,80204
Jack,Johnson,11575 American Ash Street,Seattle,WA,98115
Larry,Fisher,52661 Welch Alley,Philadelphia,PA,19136
Russell,Medina,376 Hanson Center,Baltimore,MD,21211
Beverly,Bowman,529 Kensington Way,Santa Monica,CA,90405
Carlos,Castillo,707 Oakridge Plaza,San Antonio,TX,78260
Steve,Simpson,78 Memorial Junction,Jacksonville,FL,32236
Janet,Wallace,89501 Thierer Road,San Antonio,TX,78296
Mildred,Russell,16 Moose Plaza,Phoenix,AZ,85005
Pamela,Miller,0107 Ridge Oak Plaza,Saint Louis,MO,63136
Barbara,Howard,5 Fairfield Place,Charlotte,NC,28205
Stephen,Payne,371 Havey Parkway,Chattanooga,TN,37416
Aaron,Powell,51 Paget Circle,Irvine,CA,92612
Wanda,Watkins,96 Dovetail Point,Tulsa,OK,74126
Craig,Webb,88 Transport Pass,Baltimore,MD,21265
Evelyn,Sanders,9253 Iowa Road,San Antonio,TX,78225
Jimmy,Allen,576 Hudson Junction,Albany,NY,12205
Marilyn,Morgan,1 Armistice Place,Anchorage,AK,99517
Teresa,Long,861 Glendale Trail,Hartford,CT,06160
Doris,Thompson,31881 Ronald Regan Pass,Bethesda,MD,20892
Lawrence,Webb,7 Oakridge Road,Memphis,TN,38119
Lori,Walker,642 Sloan Alley,San Antonio,TX,78235
Maria,Alexander,38 Caliangt Street,Bradenton,FL,34210
Diane,Black,262 Aberg Hill,Montgomery,AL,36134
Linda,Ruiz,0 4th Park,Ocala,FL,34474
Roger,Rogers,35363 Northland Alley,Sacramento,CA,95823
Theresa,Jenkins,6164 Hoepker Street,Myrtle Beach,SC,29579
Gerald,Carroll,441 Caliangt Center,Philadelphia,PA,19178
Diana,Wood,84656 Raven Alley,New York City,NY,10115
Willie,Berry,81 Longview Plaza,Springfield,IL,62776
Russell,Barnes,3506 Mifflin Court,Pensacola,FL,32595
Jose,Torres,8 Buhler Avenue,Albuquerque,NM,87180
Jason,Adams,77182 Quincy Terrace,Richmond,VA,23260
Christina,Andrews,3672 Katie Circle,Lynn,MA,01905
Albert,Medina,328 Green Ridge Avenue,Boston,MA,02203
Larry,Willis,5577 Rieder Street,Muskegon,MI,49444
Christopher,Fuller,1450 Loomis Trail,Bethesda,MD,20816
Douglas,Reyes,5140 Logan Point,Brooklyn,NY,11205
Billy,Mcdonald,4347 Texas Place,Pensacola,FL,32595
Robert,Simpson,21 Donald Pass,Brockton,MA,02405
Sharon,Weaver,51 Cambridge Drive,Macon,GA,31210
Joyce,Sanders,244 Pawling Avenue,Killeen,TX,76544
Harold,Bennett,2 Oriole Place,Mobile,AL,36689
Martha,Stanley,7784 Jenifer Plaza,Pasadena,CA,91125
Stephanie,Baker,4 Graceland Plaza,Beaverton,OR,97075
Russell,Holmes,2 Burrows Crossing,Orlando,FL,32835
Doris,Carpenter,26 Del Mar Crossing,Fort Wayne,IN,46857
Edward,Crawford,2135 Hagan Trail,Arlington,TX,76096
Dorothy,Sims,27017 Acker Center,Sacramento,CA,94263
Carl,Carroll,449 Memorial Place,Oklahoma City,OK,73167
Terry,Anderson,88 Michigan Parkway,Louisville,KY,40280
Clarence,Scott,039 Green Ridge Place,Buffalo,NY,14210
Gary,Allen,53963 Everett Point,Naperville,IL,60567
Jack,Porter,15 Laurel Court,Atlanta,GA,30368
James,Schmidt,46018 Union Plaza,Dallas,TX,75246
Philip,Allen,1974 Northland Hill,Chicago,IL,60624
Philip,Fisher,4 Mosinee Court,Raleigh,NC,27615
Sandra,Bishop,15349 Main Parkway,Louisville,KY,40233
Lillian,Ross,536 La Follette Avenue,Wichita,KS,67205
Bonnie,Carroll,7448 Pepper Wood Parkway,Charlotte,NC,28278
Betty,Hernandez,29289 Crescent Oaks Road,Temple,TX,76505
Philip,Duncan,7 Cardinal Place,Detroit,MI,48242
Joan,Cook,242 Sachtjen Avenue,Reno,NV,89505
Patrick,Gonzalez,27999 Lukken Court,Port Washington,NY,11054
Virginia,Garza,58 Glacier Hill Parkway,Baltimore,MD,21275
Philip,Henry,7903 Erie Street,Providence,RI,02912
Julie,Kennedy,5 Fuller Center,Houston,TX,77212
Harry,Reed,943 Briar Crest Trail,Akron,OH,44329
Heather,Robertson,245 Blue Bill Park Way,Evansville,IN,47719
Lillian,Kim,844 Hansons Crossing,Indianapolis,IN,46278
Joseph,Webb,62102 Erie Lane,Greenville,SC,29610
Stephen,Richardson,3 Thierer Way,Atlanta,GA,30301
Barbara,Murphy,877 Debra Drive,Alexandria,LA,71307
Christina,Medina,436 Karstens Trail,Oklahoma City,OK,73190
Brian,Cooper,1 Valley Edge Junction,Tucson,AZ,85748
Wayne,Medina,498 Pine View Avenue,Syracuse,NY,13251
Larry,Fisher,911 Merry Lane,Tucson,AZ,85710
Annie,Flores,62248 Manufacturers Place,Phoenix,AZ,85045
Alice,Spencer,21959 Dapin Center,Des Moines,IA,50981
Sarah,Cook,2705 Fair Oaks Street,Whittier,CA,90610
Ryan,Holmes,062 Arrowood Park,Asheville,NC,28805
Henry,Frazier,737 Jenifer Center,San Diego,CA,92121
Ann,Gordon,829 Petterle Alley,Saint Petersburg,FL,33737
Cynthia,Evans,082 Veith Drive,Lafayette,LA,70593
Joseph,Oliver,42163 Little Fleur Way,Knoxville,TN,37914
Harold,Carter,9 Hollow Ridge Pass,Atlanta,GA,31165
Charles,Griffin,3156 Reinke Drive,Florence,SC,29505
Gloria,Ferguson,90 Amoth Terrace,Vero Beach,FL,32969
Harry,Griffin,249 Upham Court,San Jose,CA,95118
Joseph,Marshall,61441 Lotheville Road,Sioux Falls,SD,57110
Johnny,Cole,5 Clemons Point,Cleveland,OH,44197
Brenda,Fernandez,35 Oneill Crossing,Gary,IN,46406
Rachel,Burton,1834 Harbort Center,Denver,CO,80228
George,Ford,692 Fair Oaks Hill,Memphis,TN,38150
Lillian,Austin,94840 Dorton Plaza,Boston,MA,02109
Joe,Meyer,913 Spenser Parkway,Birmingham,AL,35263
Angela,Jenkins,719 Lawn Pass,Las Vegas,NV,89160
Rose,Green,42 Kenwood Plaza,North Las Vegas,NV,89036
Deborah,Wood,2053 Arapahoe Avenue,Fresno,CA,93794
David,Reed,79883 Reinke Park,Savannah,GA,31405
Gary,Diaz,70972 Paget Road,Charlotte,NC,28272
Antonio,Wagner,4071 Nelson Place,Midland,TX,79705
Elizabeth,Morrison,45 Welch Avenue,Clearwater,FL,34620
Jessica,Moore,49824 Truax Avenue,Oklahoma City,OK,73124
Melissa,Gray,26 Cordelia Junction,Milwaukee,WI,53210
Henry,Hunt,66 Duke Road,New York City,NY,10275
Roy,Day,18 Hoffman Crossing,Tallahassee,FL,32399
Janice,Harvey,61313 Little Fleur Avenue,Topeka,KS,66617
Jacqueline,Perkins,1243 Mayfield Circle,Richmond,VA,23225
Paul,Baker,05 Oakridge Circle,Lafayette,IN,47905
Ruth,Myers,2 Elgar Center,Harrisburg,PA,17140
Marie,Harvey,31513 Norway Maple Pass,Omaha,NE,68124
Kathleen,Brown,09 Farmco Center,Anchorage,AK,99599
Norma,Hall,219 Melvin Way,San Diego,CA,92145
Debra,Garrett,826 Almo Trail,Brooklyn,NY,11215
Mildred,Allen,7 Vahlen Park,Maple Plain,MN,55579
Diane,Woods,4323 Armistice Circle,Phoenix,AZ,85025
Annie,Wilson,2165 Clemons Way,San Antonio,TX,78260
Jeffrey,Rodriguez,52 Iowa Crossing,Chattanooga,TN,37405
Mildred,Tucker,1 Riverside Lane,Philadelphia,PA,19125
Amy,Morales,49646 Porter Center,San Francisco,CA,94110
Lori,Henderson,49309 Larry Hill,Tampa,FL,33686
Judy,Lopez,64 Weeping Birch Point,Dallas,TX,75379
Peter,Murray,83727 Meadow Ridge Center,Richmond,VA,23225
Annie,Chavez,6 Hermina Way,Ridgely,MD,21684
Jack,Scott,5379 Rutledge Center,Madison,WI,53726
James,Walker,022 Scoville Parkway,Atlanta,GA,30336
Matthew,Black,31164 Hoffman Plaza,Des Moines,IA,50305
Gregory,Willis,60 La Follette Trail,Waco,TX,76711
Karen,Miller,2690 Monterey Parkway,San Diego,CA,92105
Mary,Gomez,07 Merry Terrace,Mesa,AZ,85210
Mark,Webb,4 Sugar Place,Salt Lake City,UT,84170
Dorothy,Grant,9 Kim Parkway,Omaha,NE,68179
Annie,Lane,468 Nevada Crossing,Denver,CO,80291
Fred,Lewis,2318 Superior Junction,Flushing,NY,11355
Scott,Hunter,8020 Farmco Court,Saint Louis,MO,63180
Willie,Gibson,84 Park Meadow Drive,Oklahoma City,OK,73114
Mark,Henry,391 Bultman Pass,Visalia,CA,93291
Brenda,Roberts,7 Crescent Oaks Circle,Amarillo,TX,79159
Rachel,Holmes,49 Paget Court,Phoenix,AZ,85083
Christopher,Bowman,362 Susan Avenue,Gainesville,GA,30506
Douglas,Hudson,247 Kim Trail,Pensacola,FL,32590
Ralph,Gibson,3697 Birchwood Point,San Rafael,CA,94913
Susan,Gardner,72 Trailsway Parkway,Colorado Springs,CO,80995
Billy,Burke,76661 Moulton Trail,Anderson,SC,29625
Marilyn,Gordon,47 Grayhawk Circle,Redwood City,CA,94064
Brandon,Mitchell,5 Bultman Street,Fredericksburg,VA,22405
John,Hawkins,1893 International Lane,Sacramento,CA,95818
Stephanie,Lawrence,2839 Warrior Center,Fresno,CA,93778
Jimmy,Cunningham,617 Menomonie Lane,Tucson,AZ,85737
Lillian,Chavez,17 Armistice Drive,Washington,DC,20420
Sean,Reyes,359 Jackson Circle,El Paso,TX,88563
Julia,Wagner,976 Montana Place,Washington,DC,20268
Margaret,Snyder,299 Sauthoff Circle,Lehigh Acres,FL,33972
Jose,Nelson,4 Corry Way,Tacoma,WA,98447
Rebecca,Ford,8 Reindahl Alley,Indianapolis,IN,46254
Lillian,Stewart,798 Valley Edge Pass,Prescott,AZ,86305
Karen,Porter,6 Brown Plaza,Fullerton,CA,92835
Bruce,Hill,71 David Center,Anaheim,CA,92805
Donald,Hughes,8967 Jana Point,Bloomington,IN,47405
Jerry,Welch,49 Forest Dale Way,Corona,CA,92878
Sean,Freeman,7102 Morning Circle,Springfield,IL,62718
Kevin,Ramos,6175 Carioca Street,Erie,PA,16505
Amanda,Gray,61 Prairieview Trail,Brooklyn,NY,11215
Margaret,Hernandez,1647 Harbort Alley,San Jose,CA,95194
Sara,Dunn,58831 Grim Circle,Newark,DE,19714
James,Ellis,4679 Nevada Point,Fort Worth,TX,76134
Roger,Olson,72816 West Court,Naperville,IL,60567
Alice,Chavez,23 Upham Drive,Miami,FL,33111
Lawrence,Rivera,1 Sutteridge Street,San Jose,CA,95173
Jean,Romero,1632 Steensland Park,Des Moines,IA,50320
Annie,Stanley,56539 Merrick Avenue,New York City,NY,10099
Amanda,Holmes,56 Michigan Way,Miami,FL,33153
Roy,Anderson,143 La Follette Plaza,Dallas,TX,75353
Wanda,Johnston,984 Ohio Point,Anaheim,CA,92825
Carl,Hansen,42 Jana Park,Grand Rapids,MI,49560
Lori,Ruiz,0520 Weeping Birch Trail,Roanoke,VA,24029
Frank,Fox,706 Shoshone Court,Springfield,IL,62711
Stephen,Morales,519 Vermont Lane,Lehigh Acres,FL,33972
Ronald,Larson,9 Mccormick Court,Decatur,IL,62525
Andrea,Hughes,10 Kipling Center,Roanoke,VA,24029
Kenneth,Harrison,99942 Riverside Parkway,Huntington,WV,25770
Evelyn,Kelley,1478 Anderson Trail,Naples,FL,33961
Raymond,Weaver,1015 Canary Lane,Shawnee Mission,KS,66220
Christine,Walker,2780 South Alley,El Paso,TX,79945
Debra,Hayes,654 Manitowish Court,Humble,TX,77346
Judith,Lawson,34111 Autumn Leaf Center,Spartanburg,SC,29319
Frank,Ramirez,81 Stang Street,Fort Worth,TX,76192
Raymond,Hernandez,3 Meadow Vale Drive,Oakland,CA,94616
Harold,Thompson,6511 Banding Avenue,Phoenix,AZ,85053
Aaron,Meyer,1488 Anniversary Trail,Eugene,OR,97405
Christina,Hill,1 Stone Corner Center,Hartford,CT,06120
Margaret,Wheeler,21219 Summit Terrace,Saint Petersburg,FL,33705
Barbara,Hamilton,8 Sullivan Circle,Washington,DC,20436
Brenda,Kelley,9 Buena Vista Trail,Pittsburgh,PA,15255
Joseph,Hall,0418 Pierstorff Point,El Paso,TX,88519
Howard,Nguyen,8 Green Way,Saint Louis,MO,63121
Anne,Harris,6 Swallow Trail,Van Nuys,CA,91499
Melissa,Bowman,7749 Fairview Crossing,Boca Raton,FL,33432
David,Murray,790 Superior Court,Tacoma,WA,98442
Debra,Flores,43 Cascade Junction,Portland,OR,97201
Judy,Rice,47890 Independence Park,Sacramento,CA,94273
Patrick,Johnson,9 Elgar Center,Houston,TX,77070
Ashley,Rose,7 Chive Pass,El Paso,TX,79977
Bonnie,Rice,869 Heath Crossing,Charlotte,NC,28225
Brandon,Howard,5187 Bayside Lane,Tulsa,OK,74141
Frank,Rodriguez,12374 Grover Parkway,Miami,FL,33169
Harry,Nguyen,4664 Farragut Street,Madison,WI,53779
Tina,Johnston,03 Dunning Pass,Harrisburg,PA,17140
Virginia,Cunningham,7430 Fairview Point,Minneapolis,MN,55487
Aaron,James,5 Schiller Avenue,Baltimore,MD,21281
Amanda,Brown,66 Pepper Wood Lane,Salt Lake City,UT,84152
Brandon,Ellis,44 3rd Park,Dallas,TX,75367
Craig,Bell,75 New Castle Park,New York City,NY,10280
Charles,Bishop,64 Upham Avenue,San Diego,CA,92153
Justin,Dunn,40753 Sutteridge Hill,Honolulu,HI,96825
Kathy,Morgan,609 Marquette Lane,Chicago,IL,60663
Steven,Tucker,7 Saint Paul Street,Detroit,MI,48258
Jacqueline,Allen,05354 Shopko Crossing,Miami Beach,FL,33141
Amy,Jacobs,793 Bobwhite Alley,Sacramento,CA,95833
Joe,Hudson,3212 Center Center,Mobile,AL,36605
Paul,Lane,40334 Tennyson Pass,Columbia,SC,29220
Jennifer,Kim,33116 Goodland Drive,El Paso,TX,79905
Deborah,Harris,201 Bonner Terrace,Columbia,MO,65218
Roger,Richardson,70 Carpenter Hill,Boston,MA,02109
Henry,Fields,02724 La Follette Court,Detroit,MI,48211
Brenda,Nichols,2469 Brickson Park Court,Punta Gorda,FL,33982
Ann,Greene,6 Hazelcrest Lane,Saint Augustine,FL,32092
Bruce,Lopez,8501 Buhler Plaza,Beaufort,SC,29905
Pamela,Rogers,35 Garrison Crossing,Las Vegas,NV,89145
Craig,James,0 Walton Lane,Tulsa,OK,74133
Steven,Payne,3 4th Avenue,Charleston,SC,29424
Terry,Ward,8 Basil Circle,Pittsburgh,PA,15274
David,Peters,1 Shelley Court,Corpus Christi,TX,78470
Nancy,Harvey,6 Dunning Plaza,Phoenix,AZ,85072
Amy,Welch,133 Victoria Alley,Maple Plain,MN,55579
Pamela,Wells,399 Luster Parkway,Houston,TX,77212
Susan,Burns,46 Charing Cross Junction,Rochester,NY,14639
Willie,King,22317 Summit Pass,Fort Worth,TX,76178
Kelly,Campbell,996 Roth Alley,Dallas,TX,75265
Sharon,Kelly,73 Dawn Road,San Diego,CA,92153
Peter,Harvey,1 Dovetail Terrace,Lancaster,PA,17622
Steven,Jordan,11820 Saint Paul Trail,New Bedford,MA,02745
Cynthia,Castillo,12477 Cherokee Park,Ventura,CA,93005
Robert,Barnes,05 Ilene Terrace,Kansas City,MO,64101
Shirley,Adams,4310 Macpherson Plaza,Pittsburgh,PA,15220
Carol,Hicks,41342 Division Circle,Salem,OR,97312
Shawn,Romero,5397 Loftsgordon Point,Miami,FL,33169
Bruce,Lawson,2343 Brentwood Drive,Kalamazoo,MI,49048
Justin,Morales,6379 Mallard Place,Palo Alto,CA,94302
Edward,Hill,84 Del Sol Plaza,Charlotte,NC,28235
Andrea,Lawson,0598 Toban Parkway,Van Nuys,CA,91406
Lawrence,Harvey,51 Ronald Regan Alley,Oklahoma City,OK,73179
John,Rivera,9476 Claremont Street,Gary,IN,46406
Teresa,Simpson,5 Doe Crossing Point,Albuquerque,NM,87110
Ryan,Morales,75 Division Drive,Charlotte,NC,28205
Lillian,Roberts,206 Spaight Point,Berkeley,CA,94712
Joan,Austin,27 Dayton Plaza,South Lake Tahoe,CA,96154
Patricia,Lane,6 Gateway Circle,Portland,OR,97296
Ruby,Cook,9 Ronald Regan Junction,El Paso,TX,88558
Melissa,Fox,5 Eastlawn Lane,Dallas,TX,75210
Karen,Carr,272 Veith Terrace,Winston Salem,NC,27110
Joseph,Howard,960 Garrison Terrace,Tulsa,OK,74108
Kathryn,Carroll,57 Mayer Plaza,Kansas City,MO,64136
Diana,Hudson,17286 Johnson Circle,Albany,NY,12237
Louis,Cooper,43896 Londonderry Alley,Spring,TX,77388
Andrew,Brooks,64305 Bartillon Park,Tampa,FL,33661
David,Montgomery,6 Fisk Avenue,Lincoln,NE,68583
Carol,Knight,68418 Browning Avenue,Cincinnati,OH,45238
Irene,Scott,7778 Maywood Road,Beaufort,SC,29905
Brandon,Ferguson,02742 Lakeland Circle,Mansfield,OH,44905
Alan,Hunt,9604 Main Court,Pittsburgh,PA,15286
Roy,Stevens,98 Susan Court,Joliet,IL,60435
Annie,Rodriguez,25278 Dahle Way,Young America,MN,55564
Bonnie,Woods,02091 Oak Valley Drive,Springfield,IL,62776
Terry,Dean,2461 Dottie Avenue,Hicksville,NY,11854
Lawrence,Schmidt,17 Waywood Drive,Clearwater,FL,34629
Ann,Hall,76 Continental Junction,Fayetteville,NC,28305
Catherine,Morrison,7426 Shelley Way,Yonkers,NY,10705
Aaron,Larson,33 Namekagon Drive,El Paso,TX,79955
Kenneth,Chapman,5044 Crowley Street,San Jose,CA,95113
Catherine,Crawford,453 Burrows Hill,Englewood,CO,80150
George,Black,2 Claremont Road,Richmond,VA,23272
Melissa,Burke,8 Kennedy Trail,Chicago,IL,60686
Irene,Lawrence,6 Westerfield Court,Fresno,CA,93704
Sandra,Harrison,7325 Butterfield Trail,Gadsden,AL,35905
Beverly,Lewis,96 Stone Corner Circle,Spring,TX,77386
Gerald,Gonzales,40 Kinsman Road,Shawnee Mission,KS,66276
Joyce,Jackson,96205 Commercial Circle,Reno,NV,89505
Eugene,Fuller,6 Maple Wood Avenue,Birmingham,AL,35205
Louise,Powell,937 Hanover Center,Amarillo,TX,79182
Joan,Montgomery,6193 Manufacturers Junction,Ogden,UT,84403
Rose,Johnson,69 Cordelia Drive,Largo,FL,34643
Nicole,Rogers,70419 Dorton Place,Denton,TX,76210
Jeffrey,Rogers,30882 Brickson Park Way,Topeka,KS,66617
Joe,Watson,6471 Esch Drive,Sacramento,CA,95823
Lawrence,Gonzales,56 Sycamore Alley,Dallas,TX,75277
Gary,Harrison,93 Debs Hill,Saint Petersburg,FL,33705
Carolyn,Fisher,5 Stuart Park,Jefferson City,MO,65110
Jose,Myers,766 Gale Street,Washington,DC,20260
Mark,Dean,6 Atwood Place,Springfield,IL,62711
Adam,Morales,870 Browning Circle,Jackson,MS,39216
Sandra,Murray,24305 Dahle Plaza,Springfield,VA,22156
Rachel,Gonzalez,946 Monterey Drive,Salt Lake City,UT,84189
Mary,Hughes,61032 Evergreen Pass,Tulsa,OK,74126
David,Marshall,8694 Bay Pass,Washington,DC,20580
Eric,Hudson,70 Anzinger Road,Winston Salem,NC,27105
Gregory,Owens,4 Upham Way,San Jose,CA,95194
Timothy,Sanders,6997 Stuart Pass,Edmond,OK,73034
Amy,Barnes,3 Meadow Vale Plaza,Portland,OR,97240
Annie,Collins,61863 Dixon Park,Houston,TX,77010
Tina,Garza,42189 Weeping Birch Trail,New York City,NY,10249
Brandon,Washington,9 Randy Crossing,Stamford,CT,06922
Rebecca,Davis,81 Hazelcrest Way,San Diego,CA,92105
Katherine,Wells,160 Gulseth Trail,Washington,DC,20370
Joyce,Gomez,9 Victoria Hill,Dallas,TX,75287
Betty,Garza,0 Lakeland Junction,Pensacola,FL,32590
Ruby,Olson,943 Bonner Drive,Washington,DC,20425
Carolyn,Fowler,185 Shoshone Crossing,Aiken,SC,29805
Ruth,Nguyen,01594 Vermont Plaza,Baltimore,MD,21203
Earl,Schmidt,135 Acker Road,Augusta,GA,30905
Jennifer,Hunter,79193 Beilfuss Lane,Bradenton,FL,34205
Gregory,Romero,1 Erie Hill,Sterling,VA,20167
Roger,Payne,735 Springs Way,Eugene,OR,97405
Lawrence,Banks,491 Melrose Center,Anchorage,AK,99599
Katherine,Long,4 Johnson Alley,Springfield,MO,65810
Ann,Hayes,3078 Lillian Way,Shreveport,LA,71130
Beverly,Medina,79756 Starling Drive,Chula Vista,CA,91913
Jonathan,Perez,4 Barby Pass,New Orleans,LA,70160
Anne,Hunt,890 Oneill Terrace,El Paso,TX,79989
Cheryl,Dunn,06 Gateway Street,New York City,NY,10249
Carolyn,Myers,8 Coolidge Court,Colorado Springs,CO,80910
Heather,Harper,2 Gerald Park,Columbia,SC,29208
Kathy,Freeman,7853 Evergreen Plaza,Detroit,MI,48211
Ann,James,039 Welch Junction,El Paso,TX,88535
Jane,Frazier,6187 Utah Street,Pensacola,FL,32505
Steve,Frazier,73036 8th Point,Pittsburgh,PA,15266
Rose,Wood,5 Miller Lane,Lexington,KY,40546
Jerry,Collins,0257 Heffernan Trail,Rochester,NY,14652
Ashley,Ruiz,2760 Springs Parkway,Largo,FL,34643
Mildred,Butler,1072 Rockefeller Parkway,Toledo,OH,43656
Lois,Nelson,1176 Del Mar Street,Boise,ID,83722
Christopher,Burns,842 Everett Park,Spartanburg,SC,29319
Randy,Chapman,46614 Portage Alley,Cleveland,OH,44105
Judy,Gibson,57930 Logan Junction,El Paso,TX,79928
Andrea,Butler,15508 Clyde Gallagher Point,Fort Lauderdale,FL,33320
Patrick,Murphy,56020 Scoville Street,Indianapolis,IN,46216
Lillian,Black,91 Cody Avenue,Charlotte,NC,28205
Adam,Clark,5 Randy Crossing,Salt Lake City,UT,84120
Bobby,Ramirez,59 Sommers Pass,West Hartford,CT,06127
Doris,Pierce,3 Summit Plaza,Houston,TX,77250
Amanda,Fox,45 Carpenter Trail,Round Rock,TX,78682
Tina,Day,5496 Del Sol Junction,Anaheim,CA,92825
Timothy,Rivera,2 Warrior Center,Northridge,CA,91328
William,Warren,04239 Boyd Street,Montgomery,AL,36104
Lois,Carroll,17737 Reinke Road,Omaha,NE,68164
Lillian,Cunningham,15 Dorton Lane,Temple,TX,76505
Kenneth,Martinez,77 Menomonie Trail,Amarillo,TX,79105
Mildred,Dixon,8 Merrick Court,El Paso,TX,79984
Dorothy,King,03455 Waywood Avenue,Akron,OH,44305
Jerry,Sanchez,25 Lawn Center,Roanoke,VA,24029
Jane,Stone,626 Corry Place,Washington,DC,20215
Thomas,Collins,755 Orin Terrace,Seattle,WA,98127
Timothy,Bell,5814 Sommers Drive,Aurora,CO,80044
Irene,Garza,79 School Crossing,Washington,DC,20503
Frances,Ortiz,125 Elmside Hill,Detroit,MI,48295
Emily,Bowman,92748 Sugar Road,Houston,TX,77201
Amy,Morales,8017 Gale Court,Washington,DC,20575
Martin,Moreno,5225 Prentice Place,Roanoke,VA,24029
Susan,Spencer,4981 Stone Corner Park,Fort Wayne,IN,46896
Robert,Wilson,68500 Marcy Lane,Saint Paul,MN,55123
Ashley,Robertson,3503 Moose Park,Boise,ID,83711
Roger,Gutierrez,74592 Nobel Pass,Plano,TX,75074
Nicole,Knight,5 Caliangt Point,Montgomery,AL,36177
Teresa,Walker,097 West Alley,Trenton,NJ,08695
Scott,Tucker,74581 Rutledge Street,London,KY,40745
Brandon,Kennedy,7859 Duke Way,Worcester,MA,01610
Frances,Reynolds,845 Anthes Lane,El Paso,TX,79999
Jason,Lewis,14 Union Drive,Richmond,VA,23242
Anthony,Gray,5562 Paget Trail,Dayton,OH,45403
Kathy,Johnston,2 Doe Crossing Plaza,Fresno,CA,93750
Steve,Hart,0712 Heffernan Terrace,Jacksonville,FL,32277
Clarence,Stephens,24557 Hintze Trail,Jackson,MS,39236
Diana,Green,2 Fuller Park,Flint,MI,48550
Jeremy,Weaver,2 Troy Court,Montgomery,AL,36109
Todd,Fernandez,681 Towne Plaza,Dallas,TX,75226
Jesse,Chapman,5 Calypso Crossing,Louisville,KY,40205
Matthew,Morales,743 Jackson Crossing,Charlotte,NC,28263
Walter,Day,1284 Grim Pass,Birmingham,AL,35244
Christopher,Price,5 Gale Center,Amarillo,TX,79182
Janice,Boyd,57 Annamark Alley,New York City,NY,10249
Eugene,Rice,1 Eagan Plaza,Salt Lake City,UT,84199
Jessica,Lawrence,17594 Continental Avenue,San Diego,CA,92170
Shawn,Sanders,064 Commercial Pass,Washington,DC,20525
Robert,Knight,23 Sommers Street,Orlando,FL,32819
Gloria,Rose,9342 Prentice Pass,Tacoma,WA,98447
Ernest,Morgan,47880 Monterey Alley,Duluth,MN,55811
Sandra,James,792 Carberry Circle,Albuquerque,NM,87105
Keith,Miller,9 Weeping Birch Street,Boston,MA,02163
Jeremy,Gardner,52 Wayridge Point,Washington,DC,20508
Raymond,Jones,371 Charing Cross Pass,Littleton,CO,80127
Peter,Hayes,350 Tony Crossing,Richmond,VA,23225
Beverly,Spencer,49 Pawling Hill,Detroit,MI,48258
Jennifer,Harvey,533 Northridge Avenue,Phoenix,AZ,85053
Amanda,Bowman,247 Sunfield Terrace,Memphis,TN,38119
Martin,Olson,2327 Debs Parkway,Colorado Springs,CO,80930
Matthew,Morales,4 Anzinger Street,Montgomery,AL,36114
Aaron,Murphy,28 Lyons Place,Miami,FL,33153
Mildred,Thomas,54842 Stoughton Plaza,New York City,NY,10270
Arthur,Ellis,0153 High Crossing Lane,Albuquerque,NM,87110
Jesse,Carroll,1142 Pleasure Street,Norfolk,VA,23504
Mark,Fuller,383 Lien Alley,Austin,TX,78721
Ryan,Mendoza,9885 Graedel Drive,Bozeman,MT,59771
Kathryn,Armstrong,15 Talmadge Plaza,El Paso,TX,79928
Pamela,Mason,7 6th Junction,Wichita Falls,TX,76310
Debra,Dean,35 Bartelt Junction,Fairfield,CT,06825
Arthur,King,14 Clove Junction,Denver,CO,80279
Jean,Mcdonald,7 Hollow Ridge Junction,New York City,NY,10249
Eric,Long,077 Carberry Lane,Washington,DC,20057
Douglas,Parker,9 Nelson Parkway,Knoxville,TN,37939
Gregory,Patterson,4612 Norway Maple Trail,El Paso,TX,79994
Karen,Cooper,1 Mendota Drive,Sioux City,IA,51110
Justin,Frazier,99291 Evergreen Lane,Shreveport,LA,71166
Harry,Armstrong,54 Cordelia Center,Boston,MA,02104
Bruce,Wagner,837 Hermina Terrace,Huntington,WV,25721
Ronald,Flores,35074 Algoma Parkway,Louisville,KY,40287
Sarah,Gray,1981 Carpenter Point,Syracuse,NY,13205
Thomas,Ford,57464 8th Drive,Gainesville,FL,32627
Andrea,Ramos,08900 Rutledge Road,Clearwater,FL,33763
Steven,Oliver,1520 Hudson Terrace,Birmingham,AL,35254
Lawrence,Watkins,0601 Wayridge Pass,Portland,OR,97255
Alan,Hunter,059 Melody Circle,Silver Spring,MD,20918
Joe,Campbell,0 7th Park,Seattle,WA,98140
Phyllis,Flores,0188 Merchant Road,Tulsa,OK,74108
Amy,Price,2 Sullivan Street,London,KY,40745
Jean,Fowler,7 Rowland Lane,Sioux Falls,SD,57105
Victor,Peters,7 Banding Trail,Charleston,WV,25362
Philip,Larson,410 Gateway Alley,Hialeah,FL,33018
Brenda,Dunn,04 Goodland Lane,Amarillo,TX,79118
Jeremy,Stevens,288 Upham Avenue,Irving,TX,75062
Ruth,Jackson,361 Vera Circle,Lansing,MI,48912
Emily,Gray,4278 Harbort Road,Hollywood,FL,33028
Nicholas,Mendoza,7 Dexter Pass,Oklahoma City,OK,73109
Ruby,Butler,45 South Way,El Paso,TX,79950
Harold,Howard,3 Kenwood Terrace,Phoenix,AZ,85020
Terry,Washington,24560 Erie Road,Boca Raton,FL,33432
Douglas,Hayes,5016 Delaware Crossing,New York City,NY,10131
Keith,Rodriguez,49 Kingsford Trail,Dallas,TX,75287
Sara,Dixon,38 Union Way,Birmingham,AL,35295
Michael,Austin,40 Tennyson Court,Miami,FL,33245
Kimberly,Fisher,86 1st Plaza,Topeka,KS,66642
Eric,Anderson,17607 Dahle Crossing,Corpus Christi,TX,78465
Tammy,Torres,10 Ridgeview Alley,Lake Charles,LA,70616
Margaret,Watson,6866 Tennyson Way,Katy,TX,77493
Joseph,Turner,98 Mitchell Plaza,Fort Worth,TX,76115
Andrew,Meyer,5 Grover Pass,Indianapolis,IN,46207
Christine,Murphy,9732 Twin Pines Crossing,Clearwater,FL,33758
Julia,Matthews,04390 Alpine Crossing,New York City,NY,10029
Teresa,Burns,8281 Basil Plaza,San Diego,CA,92160
Bobby,Smith,69463 Hintze Junction,Charleston,SC,29403
Janet,Little,3 Waxwing Place,Las Vegas,NV,89145
Louise,Russell,26 Prentice Park,Sacramento,CA,94250
Alan,Riley,43505 Atwood Drive,Pensacola,FL,32590
Joe,Vasquez,71 Milwaukee Circle,Fort Smith,AR,72905
Albert,Mason,50 South Point,Lansing,MI,48930
Michael,West,09 Troy Place,Charleston,WV,25331
Terry,Dunn,5 Park Meadow Parkway,Portland,ME,04109
Lori,Bradley,9739 Haas Street,Long Beach,CA,90831
Eugene,Hughes,736 Springview Hill,Jackson,MS,39216
Philip,Holmes,3 Scoville Trail,Houston,TX,77060
Debra,Rose,6 Loeprich Terrace,Kansas City,MO,64149
Frank,Perry,4 Clove Crossing,Bakersfield,CA,93399
Emily,Fox,2984 Gerald Point,Colorado Springs,CO,80940
Kathy,Peterson,272 Golden Leaf Circle,Huntsville,AL,35805
Denise,Murphy,9 Del Mar Trail,Fort Worth,TX,76115
William,Gomez,703 Dexter Park,Detroit,MI,48206
Joshua,Mills,0666 Cottonwood Avenue,Fort Wayne,IN,46896
Dennis,Reed,974 Debs Road,Atlanta,GA,30336
Aaron,Adams,25 Summit Point,Modesto,CA,95397
Nancy,Hughes,9260 Maywood Circle,Washington,DC,20036
Kathryn,Stevens,39018 Jenifer Hill,Portland,OR,97286
Gregory,Garza,581 Prairieview Park,Columbus,OH,43204
Jason,Hawkins,5505 Esch Avenue,Pueblo,CO,81015
Antonio,Alvarez,200 Mesta Alley,New York City,NY,10034
Debra,Castillo,2831 Towne Lane,Saint Paul,MN,55114
Samuel,Evans,20816 Hagan Street,New York City,NY,10160
Lillian,Rice,75370 Hauk Trail,Memphis,TN,38150
Rebecca,Watkins,26 Cardinal Alley,Whittier,CA,90605
Christina,Hunt,7762 Oriole Drive,Detroit,MI,48242
Tina,Mcdonald,39139 Cody Terrace,Sacramento,CA,95813
Timothy,Richardson,2562 Hansons Point,Boynton Beach,FL,33436
Janet,Reyes,498 Canary Avenue,Macon,GA,31296
Scott,Gordon,35433 Logan Court,Greenville,SC,29605
James,Ford,8202 Sunnyside Pass,Gadsden,AL,35905
John,Dixon,93 Jay Parkway,Hartford,CT,06145
Mary,Ryan,4 Garrison Way,Nashville,TN,37215
Terry,Marshall,27 Golf Course Trail,Washington,DC,20231
Alice,Simmons,4875 Golf Junction,Grand Forks,ND,58207
Janet,Ramos,0 Iowa Circle,East Saint Louis,IL,62205
Martin,Garrett,1 Ryan Circle,Phoenix,AZ,85035
Debra,Black,67035 Michigan Circle,Seattle,WA,98148
Sarah,Wells,618 Canary Lane,Mesa,AZ,85215
Russell,Richards,9001 Bellgrove Drive,Stockton,CA,95298
Lois,Kennedy,60939 Forest Run Street,Indianapolis,IN,46239
Todd,Lee,51799 Portage Road,Brockton,MA,02405
Denise,Hawkins,84 Buhler Hill,Philadelphia,PA,19146
Steve,Long,1420 Tony Crossing,New York City,NY,10079
Cynthia,Riley,5 Hauk Street,Saint Louis,MO,63131
Eric,Carter,9 Dapin Center,Helena,MT,59623
Julia,Rodriguez,375 Eliot Park,Largo,FL,34643
Maria,Henderson,81 Mariners Cove Plaza,New York City,NY,10280
David,Burke,5102 Emmet Pass,Charleston,WV,25331
Pamela,Payne,07 Cottonwood Lane,Washington,DC,20420
Adam,Richardson,43 Daystar Center,East Saint Louis,IL,62205
Barbara,Pierce,8 Sunbrook Street,San Diego,CA,92191
Bobby,Long,0086 Crest Line Terrace,Corpus Christi,TX,78410
Gloria,Carr,0979 Rutledge Drive,Joliet,IL,60435
Ernest,George,8 Golf View Pass,Buffalo,NY,14269
Cynthia,Dixon,939 Center Alley,Concord,CA,94522
Rachel,Fernandez,874 Hovde Street,Indianapolis,IN,46207
Betty,Ellis,2915 Clemons Circle,Vancouver,WA,98682
Jennifer,Sullivan,2309 Macpherson Avenue,Wichita,KS,67230
Judy,Burns,0 Nelson Center,Washington,DC,20051
Kenneth,Webb,972 Scott Trail,Roanoke,VA,24040
Margaret,Henderson,0 Acker Parkway,Inglewood,CA,90305
Robin,Matthews,53 Ronald Regan Center,Sacramento,CA,95852
Raymond,Dixon,0609 Jay Plaza,Portland,OR,97221
Rachel,Peters,07 Vahlen Avenue,Atlanta,GA,30375
Richard,Bradley,0 Butterfield Crossing,Woburn,MA,01813
Eugene,Fox,68 Memorial Avenue,Richmond,VA,23203
Tammy,Kelley,68 Emmet Drive,Houston,TX,77266
Frank,Dixon,41203 Chinook Junction,Bronx,NY,10464
Shawn,Knight,79 Oneill Crossing,Seattle,WA,98175
Billy,Carter,4 Reinke Hill,Little Rock,AR,72231
Emily,King,12 Truax Hill,Dallas,TX,75221
Tammy,West,2 Delaware Street,Chicago,IL,60619
Jerry,Williamson,3 Monument Hill,Washington,DC,20520
Lois,Kim,37 Hooker Trail,Albuquerque,NM,87115
Joseph,Hayes,2 Lake View Drive,Savannah,GA,31422
Phyllis,Welch,37846 New Castle Park,Kansas City,MO,64144
Russell,Rivera,44 Walton Drive,Toledo,OH,43605
Mary,Nelson,7 Merrick Parkway,Tacoma,WA,98405
Johnny,Henry,1275 Melody Point,Richmond,VA,23237
Gerald,Reyes,52347 Kim Crossing,Huntington,WV,25726
Harry,Richards,6 Burrows Park,Shreveport,LA,71137
Todd,Larson,1 Bluestem Court,Spokane,WA,99260
Nicholas,Hunter,40220 Troy Road,Boston,MA,02104
Elizabeth,King,78 Holmberg Plaza,Colorado Springs,CO,80940
Robin,Flores,4 Maryland Alley,Raleigh,NC,27621
Judith,Ramos,647 Hovde Lane,Kansas City,MO,64187
Doris,Lawrence,88 Commercial Street,New York City,NY,10115
John,Elliott,2 5th Crossing,Arlington,TX,76016
Ryan,Allen,45959 Rieder Park,Winston Salem,NC,27157
Patrick,Sanchez,665 Pawling Lane,Charlotte,NC,28272
Kenneth,Wallace,29 Hermina Drive,Houston,TX,77035
Joshua,Lawrence,4496 Old Shore Lane,Montgomery,AL,36125
Robin,Owens,8813 Kings Crossing,Augusta,GA,30919
Adam,Bishop,5240 Mccormick Point,Silver Spring,MD,20918
Bobby,Freeman,9587 Hovde Road,Peoria,IL,61651
Henry,Hunter,5 Portage Trail,Los Angeles,CA,90087
Marilyn,Smith,4365 Ridge Oak Avenue,Brooklyn,NY,11215
Shawn,Crawford,21203 Barnett Park,Baton Rouge,LA,70894
Sara,Burton,22307 Bultman Court,El Paso,TX,79928
Elizabeth,Watson,65 Moose Park,El Paso,TX,88574
Clarence,Peterson,48778 Parkside Road,Norwalk,CT,06854
Lois,Flores,284 Stoughton Lane,Erie,PA,16534
Joseph,Adams,7 Beilfuss Park,Omaha,NE,68117
Doris,Kim,28 Farwell Parkway,Reno,NV,89595
George,Kennedy,1320 Anniversary Crossing,New Orleans,LA,70165
Judy,Hill,0270 Burrows Road,New York City,NY,10260
Anne,Morgan,48333 Truax Center,Chico,CA,95973
Katherine,Murphy,678 Russell Drive,Orlando,FL,32808
Dorothy,Weaver,8 Forest Dale Parkway,Houston,TX,77266
Dennis,Russell,73448 Knutson Plaza,Anchorage,AK,99599
Teresa,Larson,8 Gulseth Drive,San Bernardino,CA,92405
Larry,Schmidt,26 5th Plaza,Minneapolis,MN,55407
Virginia,Mills,7 Rigney Avenue,Hartford,CT,06152
Joan,Hernandez,77117 Nobel Center,Temple,TX,76505
Anne,Jackson,918 Rutledge Circle,Sacramento,CA,95828
Earl,Burton,77973 Katie Terrace,Spokane,WA,99260
Patrick,Moore,581 Trailsway Terrace,San Francisco,CA,94121
Jesse,Stephens,4 Sunfield Parkway,Dallas,TX,75210
Cheryl,Mills,6 Prentice Trail,Milwaukee,WI,53210
Tina,Oliver,29733 2nd Center,Salem,OR,97306
Nicholas,Gomez,9491 Village Lane,Danbury,CT,06816
Diane,Henry,8 Mendota Road,Indianapolis,IN,46221
Jeffrey,Fisher,11556 Farwell Alley,Roanoke,VA,24029
Thomas,Rose,9179 Sugar Alley,Huntsville,AL,35810
Jessica,Evans,0221 Cottonwood Place,Cleveland,OH,44111
Janet,Rice,6779 Goodland Court,Chicago,IL,60697
Amy,Harper,6882 Welch Parkway,Peoria,IL,61651
Justin,Burke,21494 Packers Parkway,Minneapolis,MN,55470
Denise,Ross,172 Graceland Junction,White Plains,NY,10606
Christine,Williamson,86178 New Castle Park,Brooklyn,NY,11254
Anne,Gonzalez,96169 Columbus Place,Dallas,TX,75379
Eugene,Burton,80 Center Place,Washington,DC,20099
Marilyn,Peterson,0 Melrose Way,Portland,OR,97296
Kenneth,Martinez,948 Kings Lane,Roanoke,VA,24040
Kathleen,Ryan,17 Blaine Junction,Sioux Falls,SD,57193
Phillip,Stewart,57089 Mccormick Lane,Irvine,CA,92710
Helen,Owens,062 Packers Trail,Washington,DC,20046
Lillian,Mendoza,7 Dovetail Place,Omaha,NE,68124
Cynthia,Wheeler,9112 Burrows Crossing,Tacoma,WA,98411
Diana,Carroll,40457 Vahlen Crossing,Canton,OH,44710
Diane,Baker,99 Beilfuss Junction,Baltimore,MD,21282
Tina,Stanley,1053 Butterfield Point,Milwaukee,WI,53285
Evelyn,Kim,64422 Park Meadow Way,Sacramento,CA,95865
Melissa,Snyder,0464 Blue Bill Park Park,Sacramento,CA,95813
Paula,Reynolds,73423 Buell Trail,Billings,MT,59105
Benjamin,Garcia,7 Upham Road,Lafayette,IN,47905
Shirley,Flores,87 Monica Crossing,Miami,FL,33196
Susan,Thompson,5028 Brentwood Crossing,Las Vegas,NV,89178
Robin,Andrews,81 Declaration Terrace,New York City,NY,10275
William,Chavez,77736 Mayfield Way,Baltimore,MD,21282
John,Reynolds,5040 Buell Alley,San Diego,CA,92115
Philip,Stewart,92 Gina Center,Saint Cloud,MN,56398
Walter,Marshall,58 Starling Crossing,Minneapolis,MN,55417
Fred,Berry,38 Eliot Drive,Richmond,VA,23237
Mary,Sims,928 8th Avenue,Tampa,FL,33615
Christine,Allen,482 Maple Wood Junction,Erie,PA,16505
Elizabeth,Robertson,9 Westridge Plaza,Augusta,GA,30905
Deborah,Stanley,596 6th Way,Levittown,PA,19058
John,Torres,11 Dottie Court,Hartford,CT,06152
Emily,Howell,909 Hallows Avenue,Worcester,MA,01610
Brandon,Parker,08317 Welch Point,Louisville,KY,40256
Gloria,Gray,2 7th Way,Arlington,TX,76096
Ruth,Adams,403 Granby Pass,Houston,TX,77281
Matthew,Simpson,3404 Arizona Park,Saint Louis,MO,63143
Virginia,Ruiz,46 Northport Place,Tulsa,OK,74184
Christopher,Olson,3 Express Court,Columbia,SC,29240
Steven,Williamson,1274 Russell Trail,Salt Lake City,UT,84105
Bonnie,Sullivan,90730 Carberry Road,Daytona Beach,FL,32123
Alan,Miller,7574 Old Shore Point,Indianapolis,IN,46216
Kathleen,Smith,6 Tomscot Way,Fort Worth,TX,76105
Johnny,Wood,407 Delladonna Court,Corpus Christi,TX,78415
Ralph,Rivera,96 Walton Trail,Pasadena,CA,91109
Ronald,Williamson,5228 Helena Place,Kansas City,MO,64179
Rose,Williams,896 Mendota Street,New York City,NY,10014
Ruth,Jordan,2115 Lindbergh Lane,El Paso,TX,79940
Gerald,Nguyen,4610 Armistice Drive,Louisville,KY,40233
Randy,Hunt,668 Kim Terrace,San Jose,CA,95113
Scott,Bennett,2 Eagan Avenue,Kansas City,MO,64160
Carl,Fisher,57 Moland Pass,Miami,FL,33196
Lillian,Gutierrez,068 Prentice Junction,Prescott,AZ,86305
Lillian,Hunter,62053 Elka Street,Newton,MA,02458
Eric,Lopez,65336 Dwight Center,Idaho Falls,ID,83405
Tina,Thompson,489 Dexter Circle,Los Angeles,CA,90055
Joan,Banks,1129 Emmet Center,Saint Louis,MO,63143
George,Clark,81142 Maple Wood Avenue,Harrisburg,PA,17110
Phyllis,Green,71 American Ash Center,Charleston,WV,25356
Cynthia,Peterson,68 Brown Trail,Akron,OH,44321
Terry,Andrews,668 Village Terrace,Louisville,KY,40210
Heather,Greene,55 Johnson Avenue,Philadelphia,PA,19146
Donna,Hicks,8 Helena Place,Macon,GA,31210
Sean,King,7486 Annamark Junction,Mount Vernon,NY,10557
Brian,Ross,37497 Kim Pass,Waterbury,CT,06705
Lillian,Chavez,6830 Schurz Place,Greenville,SC,29615
Howard,Long,854 Glendale Alley,Lakeland,FL,33805
Elizabeth,Roberts,7 Main Avenue,Fayetteville,NC,28305
Nicole,Allen,96585 Cherokee Place,Boston,MA,02163
Jessica,Owens,8 Utah Drive,Washington,DC,20525
Roy,Boyd,86613 Luster Trail,Cleveland,OH,44191
Rose,Moreno,5781 Corry Place,Vancouver,WA,98664
Jacqueline,Ruiz,2047 Carberry Alley,Ventura,CA,93005
Joshua,Kennedy,49 Jay Road,Pinellas Park,FL,34665
Denise,Graham,9947 Summerview Point,Salt Lake City,UT,84145
Judith,Hayes,27195 Rutledge Avenue,New York City,NY,10150
Theresa,Moreno,7 Holy Cross Place,San Antonio,TX,78235
Kelly,Lane,13748 Farwell Plaza,Los Angeles,CA,90101
Amy,Miller,188 Troy Alley,Saginaw,MI,48604
Cheryl,Gutierrez,407 La Follette Lane,Richmond,CA,94807
Betty,Ferguson,39 Garrison Trail,Fort Lauderdale,FL,33320
Anna,Watson,14661 Badeau Plaza,Chattanooga,TN,37450
Irene,Wheeler,17 Carberry Crossing,Pensacola,FL,32511
Lori,Clark,74406 Independence Crossing,Southfield,MI,48076
Barbara,James,3 Scofield Point,Fort Lauderdale,FL,33315
Judith,Banks,01428 Rockefeller Alley,White Plains,NY,10633
Bruce,Wells,92 Dahle Street,Fresno,CA,93704
Terry,Little,6 Dahle Terrace,Seattle,WA,98115
Lisa,Edwards,338 Mosinee Trail,Tampa,FL,33647
Sara,Lee,537 Coolidge Terrace,Huntington,WV,25709
Todd,Freeman,13363 Pennsylvania Place,Baltimore,MD,21203
Joseph,Edwards,18096 Carioca Park,Portland,OR,97296
Jacqueline,Peterson,367 Cambridge Trail,Washington,DC,20551
Kevin,Young,47401 Ludington Parkway,Irvine,CA,92717
Maria,Fuller,899 Armistice Trail,Los Angeles,CA,90040
Steve,Garcia,541 Ronald Regan Road,San Diego,CA,92191
Todd,Powell,46 Sunnyside Alley,Jackson,MS,39236
Ashley,Reed,985 8th Crossing,Rochester,NY,14609
Willie,Henderson,675 John Wall Circle,Hamilton,OH,45020
Todd,Bowman,614 Arkansas Hill,Lexington,KY,40581
Lillian,Washington,9499 Oneill Parkway,Houston,TX,77276
Ashley,Reid,51783 Express Avenue,Pasadena,TX,77505
Ronald,Alexander,429 Clove Court,Pocatello,ID,83206
Brenda,Bennett,140 Meadow Vale Terrace,Paterson,NJ,07522
Harry,Morris,214 Vidon Terrace,Colorado Springs,CO,80995
Cynthia,Kelly,325 Acker Point,Oklahoma City,OK,73124
Kelly,Bennett,57761 Goodland Way,Montgomery,AL,36125
Kimberly,Russell,7 Heffernan Circle,Orlando,FL,32859
Dorothy,Jacobs,014 4th Circle,Reno,NV,89505
Jason,Bishop,1 Ohio Center,Miami,FL,33169
Sarah,Riley,59 Mitchell Avenue,Baltimore,MD,21216
Jessica,Stephens,95222 Waywood Way,San Francisco,CA,94132
Benjamin,Fisher,72 Blue Bill Park Point,Seattle,WA,98185
Jeffrey,Kelly,827 Mayfield Drive,Paterson,NJ,07544
Lois,Howard,34070 Elmside Pass,Youngstown,OH,44511
Jacqueline,Sanchez,6577 Sycamore Place,Raleigh,NC,27615
Craig,Washington,919 High Crossing Circle,New Orleans,LA,70149
Dennis,Riley,6300 Ridgeview Park,San Francisco,CA,94159
Julia,Franklin,36 Barby Hill,Portland,OR,97201
Anna,Peterson,04126 Raven Way,Winston Salem,NC,27116
Carolyn,Evans,24 Maywood Drive,Lancaster,CA,93584
Elizabeth,Lee,5 Sauthoff Hill,Corona,CA,92883
Linda,Reed,4 Montana Court,Gary,IN,46406
Jean,Reid,3 Sullivan Place,Dayton,OH,45426
Virginia,Ward,2660 2nd Junction,San Francisco,CA,94142
Frank,Bell,02940 Namekagon Place,Philadelphia,PA,19136
Carl,Gutierrez,23 Monument Plaza,Reno,NV,89505
Christina,Martin,78669 Mariners Cove Point,Washington,DC,20520
Harry,Davis,21 Pennsylvania Street,San Diego,CA,92137
Christopher,Dixon,6984 Briar Crest Parkway,Los Angeles,CA,90087
Theresa,Riley,93659 Helena Center,Hollywood,FL,33023
Gerald,Cox,6 Sommers Terrace,Tuscaloosa,AL,35405
Joe,Chavez,005 Packers Parkway,Miami,FL,33158
Jane,Marshall,0 Thackeray Junction,Lansing,MI,48901
Alice,Woods,034 Cherokee Avenue,Dayton,OH,45414
Emily,Gonzalez,329 Comanche Point,Alexandria,VA,22301
Douglas,Willis,78 Ruskin Avenue,Newport News,VA,23612
Deborah,Cunningham,373 Butterfield Point,Jacksonville,FL,32204
Janice,Black,2 Kings Terrace,San Antonio,TX,78240
Gary,Mcdonald,05 Oakridge Drive,Lincoln,NE,68583
Jimmy,Gibson,2 Boyd Point,Reston,VA,20195
Evelyn,Murphy,671 Hansons Road,Boca Raton,FL,33487
Marie,Morales,8 Manufacturers Way,Bonita Springs,FL,34135
Willie,Richards,91419 Luster Trail,Decatur,GA,30089
Joshua,Boyd,87746 Lien Court,Pittsburgh,PA,15210
Jesse,Chapman,4099 Fulton Park,El Paso,TX,79916
Marilyn,Thomas,2 Crescent Oaks Court,Sacramento,CA,95813
George,Gray,06 Cordelia Parkway,Grand Rapids,MI,49505
Joe,Coleman,64558 Barnett Park,Worcester,MA,01610
Christine,Wheeler,710 Del Mar Lane,Frankfort,KY,40618
Eric,Perkins,504 Laurel Junction,Evansville,IN,47712
Gary,Roberts,6183 Drewry Court,Warren,OH,44485
Benjamin,Williams,48 Gateway Court,Washington,DC,20029
Keith,Webb,5 Carberry Trail,Buffalo,NY,14225
Margaret,Rice,4 Lakewood Gardens Road,El Paso,TX,88535
Joe,Thompson,74177 Summit Plaza,Reading,PA,19610
Stephanie,Miller,4 Ruskin Road,Lansing,MI,48930
Doris,Porter,01857 Russell Point,Las Vegas,NV,89130
Billy,Griffin,0443 Eastwood Terrace,Knoxville,TN,37939
Carl,Nguyen,75 Mendota Hill,Palatine,IL,60078
Emily,Nguyen,64 Jenifer Drive,Denver,CO,80223
Patricia,Harper,45875 Sherman Point,Savannah,GA,31416
Nicole,Porter,251 Merry Place,Shawnee Mission,KS,66225
Karen,Bradley,5887 Jenifer Way,Wichita,KS,67205
Sara,Evans,8 Blackbird Street,Denver,CO,80255
Jane,Ramirez,079 Goodland Point,Houston,TX,77075
Johnny,Elliott,3785 Scoville Trail,Los Angeles,CA,90055
Richard,Graham,58 Lillian Drive,Tulsa,OK,74108
Shawn,Brooks,19621 Mifflin Avenue,Bowie,MD,20719
John,Fuller,6 Fallview Hill,Washington,DC,20566
Maria,Wallace,638 Autumn Leaf Way,Oklahoma City,OK,73179
Jessica,Reyes,22733 Artisan Pass,El Paso,TX,88541
Kenneth,Stewart,0826 Hanson Parkway,Sacramento,CA,94245
Irene,King,3 Heath Crossing,Shreveport,LA,71130
Janice,Ryan,11963 Heffernan Park,Pompano Beach,FL,33064
Mary,Mendoza,73 North Hill,Raleigh,NC,27626
Joan,Reyes,2 Holy Cross Alley,North Little Rock,AR,72199
Earl,Bennett,2442 Pleasure Avenue,Lincoln,NE,68505
William,Ross,0955 Jana Way,Louisville,KY,40266
Susan,Oliver,5147 Lake View Alley,Topeka,KS,66606
Chris,Wilson,7762 Judy Circle,Gaithersburg,MD,20883
Arthur,Adams,9 International Drive,San Diego,CA,92160
Amy,Powell,9019 Sommers Crossing,Albany,NY,12205
Patrick,Fuller,1300 Sullivan Parkway,Omaha,NE,68164
Sarah,Peterson,8 Dorton Court,Vero Beach,FL,32964
Randy,Rice,186 Mcguire Trail,Brooklyn,NY,11231
Jane,Clark,6155 Sachtjen Drive,Peoria,IL,61605
Catherine,Burton,7 Anthes Park,Dallas,TX,75358
Shirley,Flores,934 Hoard Place,Macon,GA,31205
Scott,Ross,18 Stuart Parkway,London,KY,40745
Jerry,Wells,2 4th Plaza,Youngstown,OH,44505
Samuel,Mccoy,62276 Harbort Pass,Oxnard,CA,93034
Evelyn,Griffin,289 Loftsgordon Park,New Haven,CT,06533
Kelly,Cook,81 Gina Terrace,Vero Beach,FL,32969
Norma,Lee,3 Aberg Center,San Antonio,TX,78296
Earl,Porter,3618 Dottie Road,Amarillo,TX,79182
Thomas,Riley,39 Pankratz Center,Brooklyn,NY,11220
Betty,Austin,11205 Loomis Street,San Antonio,TX,78225
Joan,Matthews,9396 Hoard Parkway,New Orleans,LA,70154
Joe,Peters,20 Ronald Regan Road,New Haven,CT,06505
Chris,Lawson,646 Jay Park,Greeley,CO,80638
Bruce,Dean,6578 Mayer Pass,Homestead,FL,33034
Frank,Gordon,325 Nova Terrace,Long Beach,CA,90805
Roy,Chapman,34423 Ruskin Circle,Philadelphia,PA,19109
Diana,Elliott,8 Buell Road,Lees Summit,MO,64082
Sarah,Hanson,02590 Reinke Park,Fresno,CA,93704
Anne,Ford,7638 Holmberg Hill,Reno,NV,89505
Joshua,Fisher,32 Badeau Junction,Kansas City,KS,66105
Catherine,Meyer,7900 Katie Road,Detroit,MI,48217
Fred,Boyd,8 Briar Crest Place,Orlando,FL,32859
Henry,Harper,6 Rusk Pass,Fort Lauderdale,FL,33325
Joe,Wallace,93 Elmside Avenue,Greensboro,NC,27409
Ronald,Marshall,09 Helena Crossing,Dallas,TX,75236
Elizabeth,Chavez,25903 Kensington Avenue,Atlanta,GA,30375
John,Price,810 Glacier Hill Point,Lake Worth,FL,33462
Bonnie,Little,5 Independence Hill,Salt Lake City,UT,84105
Jerry,Bailey,3 Redwing Hill,Jersey City,NJ,07310
Carl,Austin,1255 Bunting Street,Philadelphia,PA,19196
Jonathan,Baker,38 Huxley Crossing,Norwalk,CT,06854
Sean,Gray,57213 Oak Road,Savannah,GA,31422
Lori,Carter,10572 Marcy Court,Colorado Springs,CO,80915
Melissa,Harris,15 Messerschmidt Terrace,Philadelphia,PA,19146
Russell,Webb,5733 Grasskamp Lane,Cambridge,MA,02142
Benjamin,Romero,18 Menomonie Drive,Abilene,TX,79699
Edward,Gibson,080 Scoville Alley,Sacramento,CA,94297
Anthony,Martin,0808 Swallow Plaza,Chicago,IL,60681
Diane,Morris,48495 Burrows Trail,Erie,PA,16534
Bonnie,Thomas,36107 Parkside Lane,Sacramento,CA,94286
Eric,Perkins,08 Ronald Regan Hill,Atlanta,GA,30386
Matthew,Graham,858 School Hill,Seattle,WA,98127
Rebecca,Young,6217 Onsgard Terrace,Lincoln,NE,68531
Shawn,Garcia,7 Granby Avenue,Fort Lauderdale,FL,33345
Todd,Knight,147 Union Alley,Las Vegas,NV,89105
Beverly,Kelly,3 Claremont Street,Richmond,VA,23285
Donna,Grant,48 Magdeline Trail,Pittsburgh,PA,15279
Brandon,Spencer,9094 Northview Trail,Saint Petersburg,FL,33737
Jacqueline,Day,9 Delladonna Plaza,Charleston,WV,25356
Sean,Henderson,87 Pine View Drive,Oklahoma City,OK,73119
Albert,Hill,81 Green Ridge Drive,Atlanta,GA,30328
Kimberly,Simmons,110 Ridgeway Parkway,Columbus,OH,43220
Phyllis,White,72093 Kedzie Plaza,Houston,TX,77065
Edward,Hansen,8 Vera Road,Jackson,MS,39210
Catherine,Baker,5 Nobel Center,Lynn,MA,01905
John,Boyd,97 Valley Edge Way,Sacramento,CA,94280
Gloria,Lee,41 Mayfield Way,El Paso,TX,79934
Diane,Weaver,79969 Troy Parkway,New York City,NY,10280
Earl,James,4 Jana Circle,Houston,TX,77281
Judith,Richards,9575 Warner Point,San Diego,CA,92132
Patricia,Bennett,4526 Carpenter Pass,Richmond,VA,23277
Karen,Edwards,91 Debra Park,Columbus,GA,31998
Kenneth,Powell,26 Mendota Crossing,Orlando,FL,32830
Paula,Scott,70791 Eastwood Road,Tulsa,OK,74193
Nancy,Baker,05 Loftsgordon Pass,New Orleans,LA,70142
Ernest,Olson,2458 Caliangt Drive,Jersey City,NJ,07305
Debra,Sanchez,832 Birchwood Hill,Chicago,IL,60604
Frances,Robertson,2623 Granby Point,Pompano Beach,FL,33069
Steven,Medina,1439 Gina Terrace,Amarillo,TX,79116
Evelyn,Burton,93 Lindbergh Alley,Los Angeles,CA,90020
Louis,Austin,1 Golf Course Place,Akron,OH,44321
Carlos,Myers,99 Tomscot Center,Longview,TX,75605
Mark,Murphy,80 Di Loreto Parkway,San Jose,CA,95128
Arthur,Pierce,778 Eagan Plaza,Atlanta,GA,30340
Dorothy,Cox,9 Karstens Trail,Honolulu,HI,96850
Rebecca,Romero,177 Hauk Circle,Simi Valley,CA,93094
Russell,Rogers,741 Maryland Drive,Phoenix,AZ,85053
Adam,Diaz,56915 Moose Court,Ocala,FL,34479
Eugene,Carroll,2195 Waxwing Lane,Austin,TX,78789
Linda,Fields,2479 Harper Alley,Brooklyn,NY,11215
Walter,Carter,4468 Moose Court,Springfield,IL,62718
Beverly,Morris,82116 Everett Alley,Roanoke,VA,24009
Joyce,Fuller,51 Packers Trail,Colorado Springs,CO,80951
Dorothy,Holmes,00048 Donald Hill,Macon,GA,31296
Jose,Hill,19717 Bunting Circle,Houston,TX,77085
Randy,Lawson,51738 Hansons Circle,Columbus,GA,31904
Angela,Anderson,6446 Huxley Lane,Miami,FL,33158
Terry,Wagner,46 Sullivan Plaza,Dallas,TX,75353
